URLs,is_mp3,has_pagination,is_event
https://www.cgu.edu/news/category/faculty/page/5/,False,True,False
https://www.cgu.edu/news/category/cgu-news/page/50/,False,True,False
https://www.cgu.edu/news/category/media-mention/page/11/,False,True,False
https://arts.cgu.edu/tufts-poetry-awards/blog/page/10/,False,True,False
https://mormonstudies.cgu.edu/in-the-news/page/10/,False,True,False
https://mli.cgu.edu/category/united-states/page/37/,False,True,False
https://mormonstudies.cgu.edu/category/lectures-panels/page/3/,False,True,False
https://arts.cgu.edu/tufts-poetry-awards/tag/kate-tufts/page/4/,False,True,False
https://mli.cgu.edu/category/united-states/page/24/,False,True,False
https://www.cgu.edu/news/tag/cgu-heroes/page/2/,False,True,False
https://mormonstudies.cgu.edu/in-the-news/page/4/,False,True,False
https://arts.cgu.edu/tufts-poetry-awards/tag/book-review/page/2/,False,True,False
https://mli.cgu.edu/category/australia/page/2/,False,True,False
https://research.cgu.edu/cultural-property-disputes-resource/case-index/page/30/,False,True,False
https://research.cgu.edu/cultural-property-disputes-resource/case-index/page/22/,False,True,False
https://www.cgu.edu/news/category/uncategorized/page/2/,False,True,False
https://www.cgu.edu/news/page/19/,False,True,False
https://mormonstudies.cgu.edu/in-the-news/page/13/,False,True,False
https://mli.cgu.edu/category/united-states/page/28/,False,True,False
https://mli.cgu.edu/category/united-states/page/107/,False,True,False
https://mli.cgu.edu/tag/virginia/page/3/,False,True,False
https://mli.cgu.edu/category/united-states/page/126/,False,True,False
https://www.cgu.edu/news/tag/sah-events/page/3/,False,True,True
https://mli.cgu.edu/tag/texas/page/4/,False,True,False
https://mli.cgu.edu/category/united-states/page/63/,False,True,False
https://www.cgu.edu/news/school/ssspe/page/16/,False,True,False
https://mli.cgu.edu/tag/new-york/page/6/,False,True,False
https://my.cgu.edu/it/category/phishing-security/page/2/,False,True,False
https://mli.cgu.edu/category/australia/page/3/,False,True,False
https://www.cgu.edu/news/page/44/,False,True,False
https://arts.cgu.edu/tufts-poetry-awards/author/fisherl/page/2/,False,True,False
https://mli.cgu.edu/tag/pennsylvania/page/4/,False,True,False
https://www.cgu.edu/news/tag/contests/page/2/,False,True,False
https://www.cgu.edu/news/page/42/,False,True,False
https://www.cgu.edu/news/school/ssspe/page/10/,False,True,False
https://my.cgu.edu/faculty-excellence/tag/spotlight-interview/page/2/,False,True,False
https://www.cgu.edu/news/page/88/,False,True,False
https://www.cgu.edu/news/page/67/,False,True,False
https://mli.cgu.edu/category/united-states/page/65/,False,True,False
https://mli.cgu.edu/category/china/page/4/,False,True,False
https://research.cgu.edu/dbos-events-and-conferences/sample-page/exploring-positive-psychology/,False,True,False
https://arts.cgu.edu/tufts-poetry-awards/blog/page/3/,False,True,False
https://mli.cgu.edu/category/united-kingdom/page/3/,False,True,False
https://mli.cgu.edu/category/united-states/page/29/,False,True,False
https://research.cgu.edu/drucker-customer-lab/blog/page/2/,False,True,False
https://mli.cgu.edu/category/united-states/page/19/,False,True,False
https://mli.cgu.edu/category/united-states/page/123/,False,True,False
https://www.cgu.edu/news/page/14/,False,True,False
https://mli.cgu.edu/category/united-states/page/52/,False,True,False
https://www.cgu.edu/news/category/faculty/page/30/,False,True,False
https://www.cgu.edu/news/school/school-of-arts-and-humanities/page/2/,False,True,False
https://www.cgu.edu/news/category/faculty/page/39/,False,True,False
https://www.cgu.edu/news/tag/dpe-news/page/3/,False,True,False
https://www.cgu.edu/news/school/ssspe/page/6/,False,True,False
https://mormonstudies.cgu.edu/tag/claremont-graduate-university/page/2/,False,True,False
https://www.cgu.edu/news/category/faculty/page/22/,False,True,False
https://mli.cgu.edu/tag/north-carolina/page/2/,False,True,False
https://mli.cgu.edu/category/united-states/page/45/,False,True,False
https://mormonstudies.cgu.edu/in-the-news/page/11/,False,True,False
https://mli.cgu.edu/category/canada/page/2/,False,True,False
https://www.cgu.edu/news/school/ssspe/page/9/,False,True,False
https://flame.cgu.edu/class-notes/page/2/,False,True,False
https://mli.cgu.edu/category/united-states/page/38/,False,True,False
https://www.cgu.edu/news/category/media-mention/page/6/,False,True,False
https://www.cgu.edu/news/category/faculty/page/40/,False,True,False
https://mli.cgu.edu/tag/new-york/page/10/,False,True,False
https://my.cgu.edu/transdisciplinary/our-blog/page/2/,False,True,False
https://www.cgu.edu/news/page/89/,False,True,False
https://mli.cgu.edu/category/united-states/page/5/,False,True,False
https://mli.cgu.edu/tag/new-york/page/11/,False,True,False
https://www.cgu.edu/news/school/school-of-educational-studies/page/7/,False,True,False
https://www.cgu.edu/news/category/cgu-news/page/24/,False,True,False
https://mli.cgu.edu/category/canada/page/4/,False,True,False
https://research.cgu.edu/cultural-property-disputes-resource/case-index/page/2/,False,True,False
https://mli.cgu.edu/tag/district-of-columbia/page/3/,False,True,False
https://www.cgu.edu/news/tag/jenny-darroch/page/2/,False,True,False
https://research.cgu.edu/cultural-property-disputes-resource/case-index/page/31/,False,True,False
https://mli.cgu.edu/category/united-states/page/7/,False,True,False
https://www.cgu.edu/news/page/8/,False,True,False
https://mli.cgu.edu/category/netherlands/page/2/,False,True,False
https://mli.cgu.edu/category/united-states/page/127/,False,True,False
https://mli.cgu.edu/tag/pennsylvania/page/6/,False,True,False
https://mli.cgu.edu/category/united-kingdom/page/6/,False,True,False
https://flame.cgu.edu/class-notes/page/4/,False,True,False
https://mli.cgu.edu/tag/new-york/page/5/,False,True,False
https://my.cgu.edu/faculty-excellence/category/uncategorized/page/3/,False,True,False
https://www.cgu.edu/news/tag/sah-news/page/2/,False,True,False
https://research.cgu.edu/dbos-events-and-conferences/sample-page/claremont-symposium-on-applied-social-psychology-3/psy-contributions/,False,True,False
https://mli.cgu.edu/category/united-states/page/40/,False,True,False
https://arts.cgu.edu/tufts-poetry-awards/category/book-review/page/2/,False,True,False
https://mli.cgu.edu/category/united-states/page/93/,False,True,False
https://my.cgu.edu/it/alerts/page/3/,False,True,False
https://www.cgu.edu/news/school/drucker-school-of-management/page/4/,False,True,False
https://mli.cgu.edu/category/united-states/page/60/,False,True,False
https://www.cgu.edu/news/school/drucker-school-of-management/page/8/,False,True,False
https://www.cgu.edu/news/category/cgu-news/page/31/,False,True,False
https://www.cgu.edu/news/category/media-mention/page/8/,False,True,False
https://arts.cgu.edu/tufts-poetry-awards/tag/reading/page/2/,False,True,False
https://mli.cgu.edu/category/united-states/page/71/,False,True,False
https://mli.cgu.edu/category/united-states/page/2/,False,True,False
https://www.cgu.edu/news/category/student/page/5/,False,True,False
https://www.cgu.edu/news/school/school-of-arts-and-humanities/page/7/,False,True,False
https://www.cgu.edu/news/page/28/,False,True,False
https://www.cgu.edu/news/category/faculty/page/4/,False,True,False
https://arts.cgu.edu/tufts-poetry-awards/category/poetry-community/page/9/,False,True,False
https://www.cgu.edu/news/school/drucker-school-of-management/page/2/,False,True,False
https://mli.cgu.edu/category/united-states/page/85/,False,True,False
https://research.cgu.edu/cultural-property-disputes-resource/case-index/page/24/,False,True,False
https://mormonstudies.cgu.edu/category/events/page/2/,False,True,True
https://research.cgu.edu/dbos-events-and-conferences/sample-page/claremont-symposium-on-applied-social-psychology-3/enhancing-teaching-and-learning/,False,True,False
https://mli.cgu.edu/tag/indiana/page/2/,False,True,False
https://www.cgu.edu/news/category/media-mention/page/4/,False,True,False
https://mli.cgu.edu/category/australia/page/4/,False,True,False
https://mli.cgu.edu/category/united-states/page/14/,False,True,False
https://mli.cgu.edu/category/united-states/page/64/,False,True,False
https://www.cgu.edu/news/category/faculty/page/12/,False,True,False
https://www.cgu.edu/news/tag/art/page/3/,False,True,False
https://mli.cgu.edu/category/united-states/page/55/,False,True,False
https://mormonstudies.cgu.edu/in-the-news/page/12/,False,True,False
https://mli.cgu.edu/category/united-states/page/16/,False,True,False
https://mli.cgu.edu/tag/new-jersey/page/2/,False,True,False
https://www.cgu.edu/news/tag/local-event/page/3/,False,True,False
https://www.cgu.edu/news/category/student/page/11/,False,True,False
https://arts.cgu.edu/tufts-poetry-awards/tag/claremont-graduate-university/page/2/,False,True,False
https://www.cgu.edu/news/page/13/,False,True,False
https://mli.cgu.edu/category/united-states/page/46/,False,True,False
https://mli.cgu.edu/category/united-states/page/136/,False,True,False
https://mli.cgu.edu/tag/arkansas/page/2/,False,True,False
https://www.cgu.edu/news/category/cgu-news/page/25/,False,True,False
https://research.cgu.edu/cultural-property-disputes-resource/case-index/page/12/,False,True,False
https://www.cgu.edu/news/page/20/,False,True,False
https://research.cgu.edu/dbos-events-and-conferences/sample-page/applying-the-science-of-positive-psychology-to-improve-society/,False,True,False
https://www.cgu.edu/news/category/faculty/page/21/,False,True,False
https://arts.cgu.edu/tufts-poetry-awards/category/book-review/page/3/,False,True,False
https://mli.cgu.edu/tag/california/page/24/,False,True,False
https://mli.cgu.edu/category/united-states/page/130/,False,True,False
https://www.cgu.edu/news/school/school-of-arts-and-humanities/page/16/,False,True,False
https://mli.cgu.edu/category/united-states/page/94/,False,True,False
https://www.cgu.edu/news/tag/art/page/2/,False,True,False
https://mli.cgu.edu/category/united-states/page/77/,False,True,False
https://www.cgu.edu/news/category/faculty/page/32/,False,True,False
https://www.cgu.edu/news/tag/faculty-experts/page/2/,False,True,False
https://www.cgu.edu/news/school/school-of-educational-studies/page/4/,False,True,False
https://www.cgu.edu/news/category/the-flame/page/3/,False,True,False
https://mli.cgu.edu/tag/california/page/9/,False,True,False
https://www.cgu.edu/news/page/24/,False,True,False
https://arts.cgu.edu/tufts-poetry-awards/tag/poetry/page/9/,False,True,False
https://mli.cgu.edu/tag/texas/page/6/,False,True,False
https://mli.cgu.edu/tag/california/page/20/,False,True,False
http://research.cgu.edu/dbos-events-and-conferences/sample-page/claremont-symposium-on-applied-social-psychology,False,True,False
https://research.cgu.edu/dbos-events-and-conferences/sample-page/western-positive-psychology-association-conference/,False,True,False
https://www.cgu.edu/news/category/the-flame/page/8/,False,True,False
https://arts.cgu.edu/tufts-poetry-awards/tag/claremont/page/3/,False,True,False
https://research.cgu.edu/dbos-events-and-conferences/sample-page/claremont-symposium-on-applied-social-psychology-3/when-near-is-far-and-far-is-near/,False,True,False
https://mli.cgu.edu/tag/maryland/page/3/,False,True,False
https://mli.cgu.edu/category/united-states/page/92/,False,True,False
https://www.cgu.edu/news/page/71/,False,True,False
https://my.cgu.edu/student-life/home/sldl-blog/page/2/,False,True,False
https://arts.cgu.edu/tufts-poetry-awards/tag/kate-tufts/page/5/,False,True,False
https://www.cgu.edu/news/category/cgu-news/page/36/,False,True,False
https://www.cgu.edu/news/category/research/page/2/,False,True,False
https://www.cgu.edu/news/page/65/,False,True,False
https://research.cgu.edu/lead-labs/category/research-lab/page/2/,False,True,False
https://mli.cgu.edu/category/united-states/page/11/,False,True,False
https://mli.cgu.edu/tag/washington/page/2/,False,True,False
https://mormonstudies.cgu.edu/in-the-news/page/2/,False,True,False
https://arts.cgu.edu/tufts-poetry-awards/category/poetry-community/page/4/,False,True,False
https://www.cgu.edu/news/category/cgu-news/page/18/,False,True,False
https://arts.cgu.edu/tufts-poetry-awards/tag/cgu/page/5/,False,True,False
https://research.cgu.edu/drucker-customer-lab/blog/page/3/,False,True,False
https://mli.cgu.edu/tag/new-york/page/14/,False,True,False
https://mli.cgu.edu/tag/new-york/page/7/,False,True,False
https://www.cgu.edu/news/category/alumni/page/3/,False,True,False
https://www.cgu.edu/news/category/cgu-news/page/14/,False,True,False
https://www.cgu.edu/news/school/drucker-school-of-management/page/22/,False,True,False
https://www.cgu.edu/news/school/school-of-arts-and-humanities/page/8/,False,True,False
https://www.cgu.edu/news/category/faculty/page/15/,False,True,False
https://www.cgu.edu/news/category/media-mention/page/10/,False,True,False
https://www.cgu.edu/news/category/faculty/page/19/,False,True,False
https://arts.cgu.edu/tufts-poetry-awards/category/uncategorized/page/2/,False,True,False
https://www.cgu.edu/news/school/ssspe/page/5/,False,True,False
https://mli.cgu.edu/category/united-states/page/36/,False,True,False
https://www.cgu.edu/news/page/86/,False,True,False
https://my.cgu.edu/student-life/category/uncategorized/page/4/,False,True,False
https://research.cgu.edu/dbos-events-and-conferences/sample-page/riseofappliedpsychology/,False,True,False
https://www.cgu.edu/news/tag/awards/page/2/,False,True,False
https://www.cgu.edu/news/tag/drucker-school/page/3/,False,True,False
https://www.cgu.edu/news/category/cgu-news/page/17/,False,True,False
https://www.cgu.edu/news/tag/paul-zak/page/3/,False,True,False
https://mli.cgu.edu/category/united-states/page/121/,False,True,False
https://www.cgu.edu/news/school/ssspe/page/4/,False,True,False
https://www.cgu.edu/news/page/10/,False,True,False
https://www.cgu.edu/news/page/51/,False,True,False
https://research.cgu.edu/dbos-events-and-conferences/sample-page/third-world-congress/,False,True,False
https://arts.cgu.edu/tufts-poetry-awards/tag/poetry/page/2/,False,True,False
https://my.cgu.edu/faculty-excellence/blog/page/4/,False,True,False
https://www.cgu.edu/news/school/school-of-educational-studies/page/9/,False,True,False
https://www.cgu.edu/news/category/cgu-news/page/35/,False,True,False
https://www.cgu.edu/news/page/43/,False,True,False
https://mli.cgu.edu/tag/california/page/2/,False,True,False
https://www.cgu.edu/news/category/the-arts/page/3/,False,True,False
https://www.cgu.edu/news/school/drucker-school-of-management/page/6/,False,True,False
https://mli.cgu.edu/tag/oregon/page/3/,False,True,False
https://arts.cgu.edu/tufts-poetry-awards/blog/page/8/,False,True,False
https://mli.cgu.edu/tag/massachusetts/page/7/,False,True,False
https://research.cgu.edu/mormonism-migration-project/category/covid-19-story/page/2/,False,True,False
https://www.cgu.edu/news/category/cgu-news/page/41/,False,True,False
https://mli.cgu.edu/category/united-states/page/74/,False,True,False
https://research.cgu.edu/worker-wellbeing/sample-page/vision-mission-and-values/,False,True,False
https://www.cgu.edu/news/tag/in-the-news/page/2/,False,True,False
https://www.cgu.edu/news/category/faculty/page/33/,False,True,False
https://mli.cgu.edu/category/united-states/page/119/,False,True,False
https://www.cgu.edu/news/page/61/,False,True,False
https://research.cgu.edu/worker-wellbeing/sample-page/who/,False,True,False
https://www.cgu.edu/news/category/alumni/page/13/,False,True,False
https://info.cgu.edu/ignite/nancy-lepage/,False,True,False
https://www.cgu.edu/news/category/faculty/page/29/,False,True,False
https://mli.cgu.edu/tag/illinois/page/2/,False,True,False
https://arts.cgu.edu/tufts-poetry-awards/tag/poetry/page/10/,False,True,False
https://mli.cgu.edu/category/united-states/page/90/,False,True,False
https://mli.cgu.edu/tag/pennsylvania/page/5/,False,True,False
https://www.cgu.edu/news/category/faculty/page/20/,False,True,False
https://research.cgu.edu/cultural-property-disputes-resource/case-index/page/18/,False,True,False
https://research.cgu.edu/cultural-property-disputes-resource/case-index/page/17/,False,True,False
https://www.cgu.edu/news/school/school-of-arts-and-humanities/page/10/,False,True,False
https://www.cgu.edu/news/category/research/page/10/,False,True,False
https://mli.cgu.edu/category/united-states/page/86/,False,True,False
https://mli.cgu.edu/tag/north-carolina/page/3/,False,True,False
https://mli.cgu.edu/category/united-states/page/13/,False,True,False
https://www.cgu.edu/news/school/drucker-school-of-management/page/5/,False,True,False
https://arts.cgu.edu/tufts-poetry-awards/blog/page/12/,False,True,False
https://www.cgu.edu/news/tag/paul-zak/page/2/,False,True,False
https://mli.cgu.edu/tag/district-of-columbia/page/7/,False,True,False
https://mli.cgu.edu/tag/washington/page/3/,False,True,False
https://mli.cgu.edu/category/united-states/page/43/,False,True,False
https://my.cgu.edu/transdisciplinary/our-blog/page/3/,False,True,False
https://research.cgu.edu/mormonism-migration-project/author/burrowh6093/page/2/,False,True,False
https://mli.cgu.edu/tag/california/page/3/,False,True,False
https://research.cgu.edu/cultural-property-disputes-resource/case-index/page/10/,False,True,False
https://mli.cgu.edu/tag/massachusetts/page/4/,False,True,False
https://www.cgu.edu/news/page/80/,False,True,False
https://mli.cgu.edu/tag/california/page/7/,False,True,False
https://mli.cgu.edu/category/united-states/page/82/,False,True,False
https://www.cgu.edu/news/school/school-of-community-and-global-health/page/4/,False,True,False
https://www.cgu.edu/news/category/media-mention/page/5/,False,True,False
https://arts.cgu.edu/tufts-poetry-awards/category/resources/page/3/,False,True,False
https://www.cgu.edu/news/category/cgu-news/page/22/,False,True,False
https://research.cgu.edu/dbos-events-and-conferences/sample-page/dbos-stauffer-colloquia-and-symposia/,False,True,False
https://research.cgu.edu/cultural-property-disputes-resource/case-index/page/19/,False,True,False
https://www.cgu.edu/news/page/83/,False,True,False
https://mli.cgu.edu/tag/california/page/23/,False,True,False
https://www.cgu.edu/news/page/85/,False,True,False
https://mormonstudies.cgu.edu/category/lectures-panels/page/4/,False,True,False
https://arts.cgu.edu/tufts-poetry-awards/tag/kingsley-tufts/page/6/,False,True,False
https://www.cgu.edu/news/page/74/,False,True,False
https://mli.cgu.edu/category/united-states/page/57/,False,True,False
https://mli.cgu.edu/tag/florida/page/5/,False,True,False
https://mli.cgu.edu/tag/district-of-columbia/page/8/,False,True,False
https://arts.cgu.edu/tufts-poetry-awards/tag/poetry/page/11/,False,True,False
https://mli.cgu.edu/category/united-states/page/4/,False,True,False
https://www.cgu.edu/news/page/49/,False,True,False
https://www.cgu.edu/news/school/school-of-community-and-global-health/page/3/,False,True,False
https://www.cgu.edu/news/school/school-of-arts-and-humanities/page/4/,False,True,False
https://www.cgu.edu/news/page/6/,False,True,False
https://mli.cgu.edu/tag/florida/page/4/,False,True,False
https://www.cgu.edu/news/category/student/page/4/,False,True,False
https://mli.cgu.edu/category/united-states/page/44/,False,True,False
https://arts.cgu.edu/tufts-poetry-awards/tag/claremont/page/2/,False,True,False
https://research.cgu.edu/dbos-events-and-conferences/sample-page/what-constitutes-credible-evidence-in-evaluation-and-applied-research/,False,True,False
https://www.cgu.edu/news/page/55/,False,True,False
https://www.cgu.edu/news/page/4/,False,True,False
https://mli.cgu.edu/tag/new-york/page/13/,False,True,False
https://research.cgu.edu/cultural-property-disputes-resource/case-index/page/1/,False,True,False
https://www.cgu.edu/news/tag/in-the-news/page/4/,False,True,False
https://www.cgu.edu/news/category/alumni/page/4/,False,True,False
https://mli.cgu.edu/tag/minnesota/page/3/,False,True,False
https://research.cgu.edu/cultural-property-disputes-resource/case-index/page/7/,False,True,False
https://arts.cgu.edu/tufts-poetry-awards/author/parks8484/page/2/,False,True,False
https://arts.cgu.edu/tufts-poetry-awards/tag/kingsley-tufts/page/5/,False,True,False
https://mli.cgu.edu/tag/new-york/page/8/,False,True,False
https://mli.cgu.edu/category/united-states/page/91/,False,True,False
https://flame.cgu.edu/class-notes/page/7/,False,True,False
https://www.cgu.edu/news/page/82/,False,True,False
https://www.cgu.edu/news/tag/transdisciplinary-studies/page/2/,False,True,False
https://www.cgu.edu/news/category/cgu-news/page/6/,False,True,False
https://mli.cgu.edu/category/united-states/page/50/,False,True,False
https://www.cgu.edu/news/category/research/page/3/,False,True,False
https://www.cgu.edu/news/school/ssspe/page/7/,False,True,False
https://www.cgu.edu/news/school/drucker-school-of-management/page/18/,False,True,False
https://mli.cgu.edu/tag/california/page/13/,False,True,False
https://www.cgu.edu/news/page/26/,False,True,False
https://mli.cgu.edu/category/united-states/page/30/,False,True,False
https://www.cgu.edu/news/category/cgu-news/page/5/,False,True,False
https://www.cgu.edu/news/page/37/,False,True,False
https://www.cgu.edu/news/category/faculty/page/2/,False,True,False
https://www.cgu.edu/news/category/faculty/page/38/,False,True,False
https://www.cgu.edu/news/category/cgu-news/page/28/,False,True,False
https://mli.cgu.edu/category/united-states/page/51/,False,True,False
https://www.cgu.edu/news/category/faculty/page/9/,False,True,False
https://www.cgu.edu/news/category/cgu-news/page/40/,False,True,False
https://www.cgu.edu/news/category/faculty/page/3/,False,True,False
https://mli.cgu.edu/category/united-states/page/61/,False,True,False
https://mli.cgu.edu/category/united-states/page/106/,False,True,False
https://arts.cgu.edu/tufts-poetry-awards/blog/page/13/,False,True,False
https://my.cgu.edu/student-life/home/sldl-blog/page/3/,False,True,False
https://www.cgu.edu/news/category/media-mention/page/12/,False,True,False
https://www.cgu.edu/news/school/ssspe/page/11/,False,True,False
https://www.cgu.edu/news/tag/art-exhibit/page/2/,False,True,False
https://mli.cgu.edu/tag/massachusetts/page/6/,False,True,False
https://mli.cgu.edu/category/united-states/page/103/,False,True,False
https://www.cgu.edu/news/category/alumni/page/15/,False,True,False
https://www.cgu.edu/news/school/ssspe/page/2/,False,True,False
https://mli.cgu.edu/category/united-states/page/122/,False,True,False
https://www.cgu.edu/news/page/52/,False,True,False
https://www.cgu.edu/news/category/cgu-news/page/51/,False,True,False
https://www.cgu.edu/news/category/student/page/8/,False,True,False
https://mli.cgu.edu/category/china/page/6/,False,True,False
https://mli.cgu.edu/tag/new-york/page/15/,False,True,False
https://mli.cgu.edu/tag/connecticut/page/2/,False,True,False
https://www.cgu.edu/news/school/school-of-arts-and-humanities/page/6/,False,True,False
https://www.cgu.edu/news/page/46/,False,True,False
https://www.cgu.edu/news/category/media-mention/page/16/,False,True,False
https://mli.cgu.edu/category/china/page/5/,False,True,False
https://arts.cgu.edu/tufts-poetry-awards/category/resources/page/2/,False,True,False
https://www.cgu.edu/news/tag/drucker-school/page/2/,False,True,False
https://research.cgu.edu/cultural-property-disputes-resource/case-index/page/25/,False,True,False
https://my.cgu.edu/faculty-excellence/blog/page/3/,False,True,False
https://arts.cgu.edu/tufts-poetry-awards/tag/foothill-a-journal-of-poetry/page/2/,False,True,False
https://mli.cgu.edu/tag/new-york/page/2/,False,True,False
https://mli.cgu.edu/tag/alberta/page/3/,False,True,False
https://www.cgu.edu/news/category/cgu-news/page/45/,False,True,False
https://mli.cgu.edu/tag/arizona/page/2/,False,True,False
https://mli.cgu.edu/category/united-states/page/81/,False,True,False
https://mormonstudies.cgu.edu/category/announcements/page/3/,False,True,False
https://mli.cgu.edu/category/united-states/page/109/,False,True,False
https://www.cgu.edu/news/category/faculty/page/24/,False,True,False
https://mli.cgu.edu/tag/ontario/page/4/,False,True,False
https://arts.cgu.edu/tufts-poetry-awards/tag/poetry/page/3/,False,True,False
https://mli.cgu.edu/tag/louisiana/page/2/,False,True,False
https://www.cgu.edu/news/category/alumni/page/6/,False,True,False
https://mli.cgu.edu/category/united-states/page/8/,False,True,False
https://research.cgu.edu/dbos-events-and-conferences/sample-page/uncertainty-and-extremism/,False,True,False
https://www.cgu.edu/news/page/63/,False,True,False
https://mli.cgu.edu/category/united-states/page/22/,False,True,False
https://www.cgu.edu/news/category/alumni/page/7/,False,True,False
https://mli.cgu.edu/category/united-states/page/116/,False,True,False
https://arts.cgu.edu/tufts-poetry-awards/tag/poetry/page/7/,False,True,False
https://mli.cgu.edu/category/united-states/page/72/,False,True,False
https://www.cgu.edu/news/school/school-of-arts-and-humanities/page/14/,False,True,False
https://mli.cgu.edu/tag/california/page/17/,False,True,False
https://mli.cgu.edu/category/united-states/page/15/,False,True,False
https://www.cgu.edu/news/school/ssspe/page/12/,False,True,False
https://mli.cgu.edu/category/united-states/page/108/,False,True,False
https://mli.cgu.edu/category/china/page/3/,False,True,False
https://mli.cgu.edu/category/canada/page/3/,False,True,False
https://www.cgu.edu/news/page/64/,False,True,False
https://www.cgu.edu/news/tag/local-event/page/2/,False,True,False
https://www.cgu.edu/news/category/cgu-news/page/8/,False,True,False
https://research.cgu.edu/drucker-customer-lab/category/uncategorized/page/3/,False,True,False
https://www.cgu.edu/news/page/17/,False,True,False
https://research.cgu.edu/dbos-events-and-conferences/sample-page/claremont-symposium-on-applied-social-psychology-3/claremont-symposium-on-applied-social-psychology/,False,True,False
https://mli.cgu.edu/category/united-states/page/99/,False,True,False
https://arts.cgu.edu/tufts-poetry-awards/blog/page/14/,False,True,False
https://www.cgu.edu/news/category/student/page/14/,False,True,False
https://mli.cgu.edu/tag/ohio/page/5/,False,True,False
https://www.cgu.edu/news/page/87/,False,True,False
https://mli.cgu.edu/category/united-states/page/49/,False,True,False
https://www.cgu.edu/news/school/drucker-school-of-management/page/15/,False,True,False
https://www.cgu.edu/news/page/57/,False,True,False
https://www.cgu.edu/news/tag/in-the-news/page/5/,False,True,False
https://www.cgu.edu/news/category/cgu-news/page/48/,False,True,False
https://www.cgu.edu/news/category/faculty/page/18/,False,True,False
https://mli.cgu.edu/tag/alabama/page/2/,False,True,False
https://arts.cgu.edu/tufts-poetry-awards/tag/cgu/page/4/,False,True,False
https://www.cgu.edu/news/category/media-mention/page/18/,False,True,False
https://mli.cgu.edu/tag/indiana/page/3/,False,True,False
https://mli.cgu.edu/tag/michigan/page/2/,False,True,False
https://arts.cgu.edu/tufts-poetry-awards/category/book-review/page/4/,False,True,False
https://mli.cgu.edu/category/united-states/page/59/,False,True,False
https://mli.cgu.edu/tag/georgia/page/2/,False,True,False
https://mli.cgu.edu/tag/california/page/8/,False,True,False
https://mli.cgu.edu/tag/illinois/page/5/,False,True,False
https://mli.cgu.edu/category/united-states/page/42/,False,True,False
https://www.cgu.edu/news/school/school-of-educational-studies/page/3/,False,True,False
https://mli.cgu.edu/category/united-states/page/134/,False,True,False
https://arts.cgu.edu/tufts-poetry-awards/tag/kate-tufts/page/3/,False,True,False
https://research.cgu.edu/cultural-property-disputes-resource/case-index/page/20/,False,True,False
https://www.cgu.edu/news/school/drucker-school-of-management/page/14/,False,True,False
https://www.cgu.edu/news/page/7/,False,True,False
https://research.cgu.edu/cultural-property-disputes-resource/case-index/page/14/,False,True,False
https://www.cgu.edu/news/page/76/,False,True,False
https://my.cgu.edu/student-life/home/sldl-blog/page/4/,False,True,False
https://www.cgu.edu/news/school/center-for-information-systems-and-technology/page/2/,False,True,False
https://mli.cgu.edu/category/united-states/page/110/,False,True,False
https://mli.cgu.edu/category/united-states/page/114/,False,True,False
https://mli.cgu.edu/category/united-states/page/6/,False,True,False
https://www.cgu.edu/news/page/32/,False,True,False
https://mli.cgu.edu/category/united-states/page/62/,False,True,False
https://www.cgu.edu/news/school/ssspe/page/17/,False,True,False
https://mli.cgu.edu/category/united-states/page/12/,False,True,False
https://my.cgu.edu/it/alerts/page/4/,False,True,False
https://mli.cgu.edu/tag/massachusetts/page/5/,False,True,False
https://www.cgu.edu/news/page/70/,False,True,False
https://www.cgu.edu/news/school/drucker-school-of-management/page/26/,False,True,False
https://www.cgu.edu/news/school/school-of-arts-and-humanities/page/15/,False,True,False
https://mli.cgu.edu/category/united-states/page/10/,False,True,False
https://www.cgu.edu/news/school/ssspe/page/8/,False,True,False
https://www.cgu.edu/news/category/faculty/page/14/,False,True,False
https://research.cgu.edu/dbos-events-and-conferences/sample-page/claremont-symposium-on-applied-social-psychology-3/bridging-ideological-divides/,False,True,False
https://research.cgu.edu/cultural-property-disputes-resource/case-index/page/27/,False,True,False
https://www.cgu.edu/news/category/cgu-news/page/9/,False,True,False
https://arts.cgu.edu/tufts-poetry-awards/blog/page/5/,False,True,False
https://research.cgu.edu/dbos-events-and-conferences/sample-page/org-talks/,False,True,False
https://research.cgu.edu/drucker-customer-lab/author/langdonc3907/page/2/,False,True,False
https://www.cgu.edu/news/tag/kravis-concept-plan-competition/page/2/,False,True,False
https://www.cgu.edu/news/category/cgu-news/page/54/,False,True,False
https://www.cgu.edu/news/page/36/,False,True,False
https://www.cgu.edu/news/category/faculty/page/26/,False,True,False
https://mli.cgu.edu/category/united-states/page/18/,False,True,False
https://www.cgu.edu/news/category/cgu-news/page/16/,False,True,False
https://www.cgu.edu/news/category/cgu-news/page/34/,False,True,False
https://www.cgu.edu/news/category/cgu-news/page/19/,False,True,False
https://www.cgu.edu/news/school/school-of-arts-and-humanities/page/12/,False,True,False
https://mli.cgu.edu/tag/texas/page/5/,False,True,False
https://mli.cgu.edu/category/united-states/page/21/,False,True,False
https://www.cgu.edu/news/page/27/,False,True,False
https://mli.cgu.edu/tag/new-york/page/9/,False,True,False
https://mli.cgu.edu/category/united-states/page/87/,False,True,False
https://mli.cgu.edu/category/united-states/page/76/,False,True,False
https://mli.cgu.edu/category/united-states/page/88/,False,True,False
https://www.cgu.edu/news/category/cgu-news/page/20/,False,True,False
https://www.cgu.edu/events/summary/page/2/,False,True,True
https://arts.cgu.edu/tufts-poetry-awards/category/poetry-community/page/5/,False,True,False
https://mli.cgu.edu/category/united-states/page/95/,False,True,False
https://mli.cgu.edu/category/united-states/page/32/,False,True,False
https://www.cgu.edu/news/school/drucker-school-of-management/page/16/,False,True,False
https://mli.cgu.edu/category/united-states/page/125/,False,True,False
https://my.cgu.edu/it/category/uncategorized/page/2/,False,True,False
https://www.cgu.edu/news/page/58/,False,True,False
https://www.cgu.edu/news/category/cgu-news/page/2/,False,True,False
https://mli.cgu.edu/category/united-states/page/120/,False,True,False
https://www.cgu.edu/news/category/cgu-news/page/15/,False,True,False
https://mli.cgu.edu/tag/ohio/page/2/,False,True,False
https://mli.cgu.edu/category/united-states/page/133/,False,True,False
https://arts.cgu.edu/tufts-poetry-awards/tag/cgu/page/7/,False,True,False
https://www.cgu.edu/news/tag/faculty/page/3/,False,True,False
https://mli.cgu.edu/category/china/page/2/,False,True,False
https://research.cgu.edu/cultural-property-disputes-resource/case-index/page/26/,False,True,False
https://www.cgu.edu/news/category/alumni/page/11/,False,True,False
https://mli.cgu.edu/tag/maine/page/2/,False,True,False
https://www.cgu.edu/news/category/cgu-news/page/38/,False,True,False
https://www.cgu.edu/news/category/cgu-news/page/37/,False,True,False
https://research.cgu.edu/mormonism-migration-project/category/english/page/2/,False,True,False
https://www.cgu.edu/news/tag/sah-events/page/2/,False,True,True
https://mli.cgu.edu/tag/pennsylvania/page/7/,False,True,False
https://mli.cgu.edu/category/united-kingdom/page/2/,False,True,False
https://research.cgu.edu/cultural-property-disputes-resource/case-index/page/4/,False,True,False
https://www.cgu.edu/news/school/school-of-arts-and-humanities/page/5/,False,True,False
https://www.cgu.edu/news/school/school-of-arts-and-humanities/page/9/,False,True,False
https://www.cgu.edu/news/category/alumni/page/8/,False,True,False
https://www.cgu.edu/news/page/3/,False,True,False
https://mli.cgu.edu/category/canada/page/10/,False,True,False
https://my.cgu.edu/student-life/category/uncategorized/page/2/,False,True,False
https://www.cgu.edu/news/school/drucker-school-of-management/page/13/,False,True,False
https://flame.cgu.edu/class-notes/page/6/,False,True,False
https://www.cgu.edu/news/school/school-of-arts-and-humanities/page/13/,False,True,False
https://mli.cgu.edu/category/united-states/page/83/,False,True,False
https://mli.cgu.edu/category/united-states/page/131/,False,True,False
https://www.cgu.edu/news/category/alumni/page/9/,False,True,False
https://www.cgu.edu/news/school/ssspe/page/13/,False,True,False
https://arts.cgu.edu/tufts-poetry-awards/category/poetry-community/page/7/,False,True,False
https://www.cgu.edu/news/category/cgu-news/page/53/,False,True,False
https://research.cgu.edu/cultural-property-disputes-resource/case-index/page/5/,False,True,False
https://www.cgu.edu/news/category/faculty/page/11/,False,True,False
https://mli.cgu.edu/category/united-states/page/54/,False,True,False
https://mli.cgu.edu/category/united-states/page/96/,False,True,False
https://arts.cgu.edu/tufts-poetry-awards/tag/kingsley-tufts/page/2/,False,True,False
https://www.cgu.edu/news/page/75/,False,True,False
https://www.cgu.edu/news/page/12/,False,True,False
https://www.cgu.edu/news/category/cgu-news/page/21/,False,True,False
https://www.cgu.edu/news/category/media-mention/page/2/,False,True,False
https://mli.cgu.edu/category/united-states/page/129/,False,True,False
https://www.cgu.edu/news/category/student/page/10/,False,True,False
https://www.cgu.edu/news/page/21/,False,True,False
https://mli.cgu.edu/tag/district-of-columbia/page/6/,False,True,False
https://research.cgu.edu/worker-wellbeing/sample-page/132-2/,False,True,False
https://research.cgu.edu/dbos-events-and-conferences/sample-page/claremont-symposium-on-applied-social-psychology-3/diversity-science/,False,True,False
https://arts.cgu.edu/tufts-poetry-awards/blog/page/7/,False,True,False
https://www.cgu.edu/news/category/the-flame/page/4/,False,True,False
https://mormonstudies.cgu.edu/in-the-news/page/6/,False,True,False
https://www.cgu.edu/news/page/78/,False,True,False
https://www.cgu.edu/news/category/faculty/page/13/,False,True,False
https://mli.cgu.edu/category/canada/page/9/,False,True,False
https://www.cgu.edu/news/tag/faculty/page/4/,False,True,False
https://research.cgu.edu/cultural-property-disputes-resource/case-index/page/8/,False,True,False
https://mli.cgu.edu/category/united-states/page/35/,False,True,False
https://arts.cgu.edu/tufts-poetry-awards/author/rustinb/page/2/,False,True,False
https://www.cgu.edu/news/school/drucker-school-of-management/page/25/,False,True,False
https://mli.cgu.edu/tag/california/page/12/,False,True,False
https://www.cgu.edu/news/page/31/,False,True,False
https://www.cgu.edu/news/page/84/,False,True,False
http://research.cgu.edu/dbos-events-and-conferences/sample-page/online-video-library/,False,True,False
https://www.cgu.edu/news/category/media-mention/page/9/,False,True,False
https://www.cgu.edu/news/tag/jay-prag/page/2/,False,True,False
https://arts.cgu.edu/tufts-poetry-awards/category/behind-the-scenes/page/4/,False,True,False
https://flame.cgu.edu/class-notes/page/3/,False,True,False
https://www.cgu.edu/news/page/30/,False,True,False
https://mli.cgu.edu/tag/california/page/21/,False,True,False
https://mli.cgu.edu/category/united-states/page/23/,False,True,False
https://my.cgu.edu/it/alerts/page/5/,False,True,False
https://my.cgu.edu/it/alerts/page/2/,False,True,False
https://arts.cgu.edu/tufts-poetry-awards/tag/poetry/page/4/,False,True,False
https://arts.cgu.edu/tufts-poetry-awards/tag/cgu/page/3/,False,True,False
https://www.cgu.edu/news/category/the-flame/page/10/,False,True,False
https://mli.cgu.edu/category/united-states/page/70/,False,True,False
https://www.cgu.edu/news/category/faculty/page/17/,False,True,False
https://arts.cgu.edu/tufts-poetry-awards/blog/page/2/,False,True,False
https://www.cgu.edu/news/page/34/,False,True,False
https://arts.cgu.edu/tufts-poetry-awards/category/poetry-community/page/2/,False,True,False
https://www.cgu.edu/news/category/cgu-news/page/30/,False,True,False
https://arts.cgu.edu/tufts-poetry-awards/tag/kingsley-tufts/page/4/,False,True,False
https://research.cgu.edu/cultural-property-disputes-resource/case-index/page/21/,False,True,False
https://www.cgu.edu/news/category/alumni/page/14/,False,True,False
https://www.cgu.edu/news/category/cgu-news/page/27/,False,True,False
https://mli.cgu.edu/category/united-states/page/112/,False,True,False
https://mli.cgu.edu/category/canada/page/5/,False,True,False
https://www.cgu.edu/news/category/cgu-news/page/32/,False,True,False
https://mli.cgu.edu/tag/california/page/14/,False,True,False
https://mli.cgu.edu/tag/ohio/page/4/,False,True,False
https://www.cgu.edu/news/tag/dpe-news/page/2/,False,True,False
https://www.cgu.edu/news/category/cgu-news/page/7/,False,True,False
https://research.cgu.edu/dbos-events-and-conferences/sample-page/online-video-library/,False,True,False
https://mli.cgu.edu/tag/michigan/page/3/,False,True,False
https://research.cgu.edu/dbos-events-and-conferences/sample-page/science-and-the-quality-of-life/,False,True,False
https://www.cgu.edu/news/page/81/,False,True,False
https://arts.cgu.edu/tufts-poetry-awards/category/behind-the-scenes/page/2/,False,True,False
https://www.cgu.edu/news/category/faculty/page/31/,False,True,False
https://www.cgu.edu/news/page/41/,False,True,False
https://www.cgu.edu/news/school/school-of-arts-and-humanities/page/11/,False,True,False
https://mli.cgu.edu/tag/florida/page/3/,False,True,False
https://www.cgu.edu/news/category/faculty/page/23/,False,True,False
https://mli.cgu.edu/category/united-states/page/58/,False,True,False
https://arts.cgu.edu/tufts-poetry-awards/tag/cgu/page/6/,False,True,False
https://www.cgu.edu/news/school/ssspe/page/14/,False,True,False
https://arts.cgu.edu/tufts-poetry-awards/category/poetry-community/page/3/,False,True,False
https://mli.cgu.edu/category/united-kingdom/page/4/,False,True,False
https://mli.cgu.edu/tag/california/page/19/,False,True,False
https://mli.cgu.edu/tag/washington/page/4/,False,True,False
https://mli.cgu.edu/category/united-states/page/20/,False,True,False
https://mli.cgu.edu/tag/district-of-columbia/page/5/,False,True,False
https://www.cgu.edu/news/category/the-arts/page/6/,False,True,False
https://www.cgu.edu/news/category/faculty/page/34/,False,True,False
https://www.cgu.edu/news/category/cgu-news/page/56/,False,True,False
https://research.cgu.edu/cultural-property-disputes-resource/case-index/page/13/,False,True,False
https://www.cgu.edu/news/tag/mormonism/page/2/,False,True,False
https://www.cgu.edu/news/school/school-of-educational-studies/page/5/,False,True,False
https://www.cgu.edu/news/category/faculty/page/25/,False,True,False
https://mli.cgu.edu/tag/massachusetts/page/2/,False,True,False
https://mli.cgu.edu/category/united-states/page/84/,False,True,False
https://research.cgu.edu/mormonism-migration-project/author/burrowh6093/page/3/,False,True,False
https://mli.cgu.edu/tag/alberta/page/2/,False,True,False
https://research.cgu.edu/cultural-property-disputes-resource/case-index/page/9/,False,True,False
https://mli.cgu.edu/tag/georgia/page/3/,False,True,False
https://mli.cgu.edu/category/united-states/page/102/,False,True,False
https://www.cgu.edu/news/page/38/,False,True,False
https://www.cgu.edu/news/category/cgu-news/page/33/,False,True,False
https://mli.cgu.edu/tag/virginia/page/4/,False,True,False
https://www.cgu.edu/news/category/cgu-news/page/42/,False,True,False
https://research.cgu.edu/dbos-events-and-conferences/sample-page/continuing-education-opportunities/,False,True,False
https://www.cgu.edu/news/school/drucker-school-of-management/page/21/,False,True,False
https://www.cgu.edu/news/category/the-flame/page/9/,False,True,False
https://www.cgu.edu/news/category/student/page/6/,False,True,False
https://mli.cgu.edu/category/united-states/page/39/,False,True,False
https://www.cgu.edu/news/category/cgu-news/page/26/,False,True,False
https://www.cgu.edu/news/category/cgu-news/page/4/,False,True,False
https://mli.cgu.edu/tag/maryland/page/2/,False,True,False
https://mli.cgu.edu/category/united-states/page/128/,False,True,False
https://arts.cgu.edu/tufts-poetry-awards/tag/cgu/page/2/,False,True,False
https://mli.cgu.edu/tag/illinois/page/4/,False,True,False
https://arts.cgu.edu/tufts-poetry-awards/category/poetry-community/page/6/,False,True,False
https://mli.cgu.edu/category/united-states/page/26/,False,True,False
https://www.cgu.edu/news/category/research/page/6/,False,True,False
https://www.cgu.edu/news/category/cgu-news/page/3/,False,True,False
https://mli.cgu.edu/category/united-states/page/27/,False,True,False
https://www.cgu.edu/news/category/alumni/page/12/,False,True,False
https://mli.cgu.edu/tag/california/page/16/,False,True,False
https://mli.cgu.edu/category/united-states/page/56/,False,True,False
https://mli.cgu.edu/tag/district-of-columbia/page/4/,False,True,False
https://mli.cgu.edu/category/denmark/page/2/,False,True,False
https://www.cgu.edu/news/category/student/page/9/,False,True,False
https://mormonstudies.cgu.edu/category/conferences/page/2/,False,True,False
https://mli.cgu.edu/tag/minnesota/page/2/,False,True,False
https://mli.cgu.edu/tag/texas/page/2/,False,True,False
https://my.cgu.edu/transdisciplinary/our-blog/page/4/,False,True,False
https://my.cgu.edu/it/category/phishing-security/page/3/,False,True,False
https://www.cgu.edu/news/category/faculty/page/35/,False,True,False
https://www.cgu.edu/news/tag/drucker-school/page/4/,False,True,False
https://mli.cgu.edu/category/united-states/page/34/,False,True,False
https://research.cgu.edu/lead-labs/author/reicharb/page/2/,False,True,False
https://www.cgu.edu/news/category/research/page/8/,False,True,False
https://mli.cgu.edu/category/united-states/page/3/,False,True,False
https://mormonstudies.cgu.edu/in-the-news/page/8/,False,True,False
https://research.cgu.edu/paul-gray-pc-museum/category/events/page/2/,False,True,True
https://mli.cgu.edu/category/united-states/page/132/,False,True,False
https://arts.cgu.edu/tufts-poetry-awards/tag/danez-smith/page/2/,False,True,False
https://research.cgu.edu/paul-gray-pc-museum/category/blog/page/2/,False,True,False
https://mli.cgu.edu/tag/virginia/page/2/,False,True,False
https://mormonstudies.cgu.edu/in-the-news/page/3/,False,True,False
https://research.cgu.edu/cultural-property-disputes-resource/case-index/page/3/,False,True,False
https://mormonstudies.cgu.edu/category/announcements/page/2/,False,True,False
https://mli.cgu.edu/category/united-states/page/100/,False,True,False
https://mli.cgu.edu/category/united-states/page/9/,False,True,False
https://www.cgu.edu/news/category/cgu-news/page/13/,False,True,False
https://www.cgu.edu/news/category/faculty/page/36/,False,True,False
https://research.cgu.edu/dbos-events-and-conferences/sample-page/what-works/,False,True,False
https://www.cgu.edu/news/category/faculty/page/16/,False,True,False
https://research.cgu.edu/paul-gray-pc-museum/author/atkesona3784/page/3/,False,True,False
https://mli.cgu.edu/tag/pennsylvania/page/2/,False,True,False
https://www.cgu.edu/news/page/45/,False,True,False
https://www.cgu.edu/news/school/school-of-educational-studies/page/2/,False,True,False
https://www.cgu.edu/news/category/faculty/page/6/,False,True,False
https://www.cgu.edu/news/category/cgu-news/page/10/,False,True,False
https://research.cgu.edu/dbos-events-and-conferences/sample-page/claremont-symposium-on-applied-social-psychology-3/extremism-uncertainty/,False,True,False
https://mli.cgu.edu/category/united-states/page/101/,False,True,False
https://www.cgu.edu/news/page/47/,False,True,False
https://mli.cgu.edu/tag/california/page/18/,False,True,False
https://mli.cgu.edu/tag/connecticut/page/3/,False,True,False
http://research.cgu.edu/dbos-events-and-conferences/sample-page/claremont-symposium-on-applied-social-psychology/implementing-evaluating-interventions,False,True,False
https://www.cgu.edu/news/page/5/,False,True,False
https://www.cgu.edu/news/school/school-of-educational-studies/page/8/,False,True,False
https://www.cgu.edu/news/category/the-arts/page/7/,False,True,False
https://research.cgu.edu/cultural-property-disputes-resource/case-index/page/29/,False,True,False
https://www.cgu.edu/news/category/research/page/7/,False,True,False
https://mli.cgu.edu/tag/california/page/22/,False,True,False
https://www.cgu.edu/news/school/drucker-school-of-management/page/11/,False,True,False
https://mli.cgu.edu/category/united-states/page/47/,False,True,False
https://www.cgu.edu/news/category/research/page/11/,False,True,False
https://mli.cgu.edu/tag/new-york/page/3/,False,True,False
https://research.cgu.edu/cultural-property-disputes-resource/case-index/page/16/,False,True,False
https://www.cgu.edu/news/category/media-mention/page/13/,False,True,False
https://www.cgu.edu/news/page/54/,False,True,False
https://www.cgu.edu/news/category/the-arts/page/2/,False,True,False
https://mli.cgu.edu/tag/california/page/11/,False,True,False
https://www.cgu.edu/news/category/media-mention/page/15/,False,True,False
https://mli.cgu.edu/category/united-states/page/89/,False,True,False
https://research.cgu.edu/paul-gray-pc-museum/author/atkesona3784/page/2/,False,True,False
https://www.cgu.edu/news/tag/cgu-heroes/page/3/,False,True,False
https://mli.cgu.edu/tag/ontario/page/3/,False,True,False
https://www.cgu.edu/news/category/cgu-news/page/39/,False,True,False
https://mli.cgu.edu/category/united-states/page/113/,False,True,False
https://www.cgu.edu/news/category/cgu-news/page/29/,False,True,False
https://mli.cgu.edu/category/united-states/page/135/,False,True,False
https://mli.cgu.edu/tag/ontario/page/2/,False,True,False
https://mormonstudies.cgu.edu/in-the-news/page/5/,False,True,False
https://www.cgu.edu/news/category/the-flame/page/7/,False,True,False
https://www.cgu.edu/news/page/50/,False,True,False
https://arts.cgu.edu/tufts-poetry-awards/blog/page/11/,False,True,False
https://research.cgu.edu/cultural-property-disputes-resource/case-index/page/6/,False,True,False
https://www.cgu.edu/news/category/media-mention/page/7/,False,True,False
https://arts.cgu.edu/tufts-poetry-awards/category/behind-the-scenes/page/3/,False,True,False
https://www.cgu.edu/news/page/9/,False,True,False
https://mli.cgu.edu/category/united-states/page/97/,False,True,False
https://www.cgu.edu/news/category/alumni/page/10/,False,True,False
https://www.cgu.edu/news/category/cgu-news/page/52/,False,True,False
https://mli.cgu.edu/category/united-states/page/105/,False,True,False
https://www.cgu.edu/news/page/66/,False,True,False
https://www.cgu.edu/news/category/cgu-news/page/11/,False,True,False
https://arts.cgu.edu/tufts-poetry-awards/category/poetry-community/page/8/,False,True,False
https://www.cgu.edu/news/category/student/page/12/,False,True,False
https://www.cgu.edu/news/page/56/,False,True,False
https://www.cgu.edu/news/school/drucker-school-of-management/page/24/,False,True,False
https://mli.cgu.edu/category/united-states/page/48/,False,True,False
https://arts.cgu.edu/tufts-poetry-awards/tag/poetry/page/6/,False,True,False
https://www.cgu.edu/news/category/faculty/page/37/,False,True,False
https://www.cgu.edu/news/page/60/,False,True,False
https://www.cgu.edu/news/category/media-mention/page/3/,False,True,False
https://arts.cgu.edu/tufts-poetry-awards/category/resources/page/4/,False,True,False
https://mormonstudies.cgu.edu/category/announcements/page/5/,False,True,False
https://www.cgu.edu/news/page/91/,False,True,False
https://mormonstudies.cgu.edu/tag/claremont-mormon-studies/page/3/,False,True,False
https://www.cgu.edu/news/tag/drucker-news/page/2/,False,True,False
https://www.cgu.edu/news/tag/faculty/page/2/,False,True,False
https://research.cgu.edu/cultural-property-disputes-resource/case-index/page/15/,False,True,False
https://www.cgu.edu/news/school/ssspe/page/15/,False,True,False
https://mli.cgu.edu/tag/california/page/6/,False,True,False
https://www.cgu.edu/news/tag/podcast/page/2/,False,True,False
https://my.cgu.edu/faculty-excellence/category/uncategorized/page/2/,False,True,False
https://research.cgu.edu/dbos-events-and-conferences/sample-page/claremont-symposium-on-applied-social-psychology-3/sexual-orientation-psy-sci-social-policy/,False,True,False
https://www.cgu.edu/news/page/16/,False,True,False
https://mli.cgu.edu/tag/pennsylvania/page/3/,False,True,False
https://arts.cgu.edu/tufts-poetry-awards/blog/page/9/,False,True,False
https://mli.cgu.edu/category/united-states/page/118/,False,True,False
https://www.cgu.edu/news/page/68/,False,True,False
https://flame.cgu.edu/class-notes/page/5/,False,True,False
https://www.cgu.edu/news/category/cgu-news/page/55/,False,True,False
https://research.cgu.edu/drucker-customer-lab/category/uncategorized/page/2/,False,True,False
https://mli.cgu.edu/category/united-states/page/98/,False,True,False
https://research.cgu.edu/dbos-events-and-conferences/sample-page/claremont-symposium-on-applied-social-psychology-3/cultural-neuroscience-translation/,False,True,False
https://mli.cgu.edu/category/united-states/page/73/,False,True,False
https://arts.cgu.edu/tufts-poetry-awards/tag/poetry/page/5/,False,True,False
https://mli.cgu.edu/tag/ohio/page/3/,False,True,False
https://mormonstudies.cgu.edu/category/conferences/page/3/,False,True,False
https://www.cgu.edu/news/page/62/,False,True,False
https://www.cgu.edu/news/page/18/,False,True,False
https://www.cgu.edu/news/category/the-arts/page/5/,False,True,False
https://www.cgu.edu/news/school/institute-of-mathematical-sciences/page/2/,False,True,False
https://www.cgu.edu/news/tag/art-exhibit/page/3/,False,True,False
https://mli.cgu.edu/category/united-states/page/115/,False,True,False
https://www.cgu.edu/news/page/29/,False,True,False
https://mli.cgu.edu/category/canada/page/7/,False,True,False
https://www.cgu.edu/news/category/student/page/2/,False,True,False
https://www.cgu.edu/news/page/48/,False,True,False
https://www.cgu.edu/news/school/drucker-school-of-management/page/19/,False,True,False
https://www.cgu.edu/news/category/student/page/3/,False,True,False
https://www.cgu.edu/news/school/drucker-school-of-management/page/3/,False,True,False
https://mli.cgu.edu/category/united-states/page/53/,False,True,False
https://www.cgu.edu/news/page/72/,False,True,False
https://mli.cgu.edu/tag/colorado/page/3/,False,True,False
https://www.cgu.edu/news/school/school-of-community-and-global-health/page/2/,False,True,False
https://www.cgu.edu/news/tag/kingsley-tufts-poetry-award/page/2/,False,True,False
https://www.cgu.edu/events/list/page/2/,False,True,True
https://mli.cgu.edu/category/united-states/page/75/,False,True,False
https://mli.cgu.edu/tag/missouri/page/2/,False,True,False
https://mli.cgu.edu/tag/new-york/page/4/,False,True,False
https://www.cgu.edu/news/tag/in-the-news/page/6/,False,True,False
https://www.cgu.edu/news/category/research/page/4/,False,True,False
https://www.cgu.edu/news/school/drucker-school-of-management/page/12/,False,True,False
https://arts.cgu.edu/tufts-poetry-awards/tag/ross-gay/page/2/,False,True,False
https://www.cgu.edu/news/category/cgu-news/page/43/,False,True,False
https://my.cgu.edu/it/academic-support/canvas-at-the-claremont-colleges/canvasdiscoverypage/,False,True,False
https://www.cgu.edu/news/category/student/page/13/,False,True,False
https://mli.cgu.edu/tag/oregon/page/2/,False,True,False
https://research.cgu.edu/drucker-customer-lab/author/langdonc3907/page/3/,False,True,False
https://www.cgu.edu/news/category/cgu-news/page/23/,False,True,False
https://mli.cgu.edu/category/united-states/page/117/,False,True,False
https://research.cgu.edu/paul-gray-pc-museum/category/blog/page/3/,False,True,False
https://mormonstudies.cgu.edu/category/events/firesides/page/2/,False,True,True
https://mli.cgu.edu/category/united-states/page/80/,False,True,False
https://www.cgu.edu/news/school/school-of-arts-and-humanities/page/3/,False,True,False
https://mli.cgu.edu/category/united-states/page/124/,False,True,False
https://www.cgu.edu/news/page/40/,False,True,False
https://mli.cgu.edu/category/canada/page/8/,False,True,False
https://arts.cgu.edu/tufts-poetry-awards/blog/page/6/,False,True,False
https://my.cgu.edu/student-life/category/uncategorized/page/3/,False,True,False
https://www.cgu.edu/news/page/39/,False,True,False
https://research.cgu.edu/cultural-property-disputes-resource/case-index/page/23/,False,True,False
https://www.cgu.edu/news/page/35/,False,True,False
https://www.cgu.edu/news/category/faculty/page/7/,False,True,False
https://arts.cgu.edu/tufts-poetry-awards/tag/kingsley-tufts/page/3/,False,True,False
https://www.cgu.edu/news/school/drucker-school-of-management/page/23/,False,True,False
https://www.cgu.edu/news/category/the-flame/page/6/,False,True,False
https://mli.cgu.edu/tag/illinois/page/3/,False,True,False
https://www.cgu.edu/news/page/59/,False,True,False
https://www.cgu.edu/news/school/ssspe/page/3/,False,True,False
https://www.cgu.edu/news/school/institute-of-mathematical-sciences/page/3/,False,True,False
https://arts.cgu.edu/tufts-poetry-awards/tag/kingsley-and-kate-tufts-poetry-award/page/2/,False,True,False
https://www.cgu.edu/news/page/25/,False,True,False
https://www.cgu.edu/news/page/2/,False,True,False
https://www.cgu.edu/news/category/cgu-news/page/47/,False,True,False
https://mli.cgu.edu/category/united-states/page/104/,False,True,False
https://arts.cgu.edu/tufts-poetry-awards/category/readings-and-events/page/2/,False,True,True
https://www.cgu.edu/news/category/research/page/5/,False,True,False
https://mli.cgu.edu/category/united-states/page/67/,False,True,False
https://www.cgu.edu/news/page/77/,False,True,False
https://www.cgu.edu/news/category/cgu-news/page/12/,False,True,False
https://mli.cgu.edu/tag/new-mexico/page/2/,False,True,False
https://mli.cgu.edu/tag/wisconsin/page/2/,False,True,False
https://mormonstudies.cgu.edu/category/lectures-panels/page/2/,False,True,False
https://www.cgu.edu/news/tag/alumni/page/2/,False,True,False
https://mli.cgu.edu/category/united-states/page/25/,False,True,False
https://www.cgu.edu/news/tag/dbos-news/page/2/,False,True,False
https://mli.cgu.edu/category/united-states/page/66/,False,True,False
https://mli.cgu.edu/tag/florida/page/2/,False,True,False
https://www.cgu.edu/news/category/research/page/9/,False,True,False
https://www.cgu.edu/news/category/faculty/page/8/,False,True,False
https://www.cgu.edu/news/school/drucker-school-of-management/page/9/,False,True,False
https://www.cgu.edu/news/category/cgu-news/page/49/,False,True,False
https://mli.cgu.edu/category/united-states/page/41/,False,True,False
https://www.cgu.edu/news/page/15/,False,True,False
https://mli.cgu.edu/tag/colorado/page/2/,False,True,False
https://my.cgu.edu/faculty-excellence/category/uncategorized/page/4/,False,True,False
https://www.cgu.edu/news/category/media-mention/page/14/,False,True,False
https://arts.cgu.edu/tufts-poetry-awards/tag/kate-tufts/page/2/,False,True,False
https://mli.cgu.edu/tag/district-of-columbia/page/2/,False,True,False
https://www.cgu.edu/news/category/the-arts/page/4/,False,True,False
https://mli.cgu.edu/category/united-kingdom/page/5/,False,True,False
https://mli.cgu.edu/category/united-states/page/68/,False,True,False
https://www.cgu.edu/news/category/cgu-news/page/44/,False,True,False
https://mli.cgu.edu/tag/texas/page/3/,False,True,False
https://mli.cgu.edu/category/united-states/page/31/,False,True,False
https://www.cgu.edu/news/page/22/,False,True,False
https://www.cgu.edu/news/page/73/,False,True,False
https://research.cgu.edu/mormonism-migration-project/category/covid-19-story/page/3/,False,True,False
https://www.cgu.edu/news/tag/jay-prag/page/3/,False,True,False
https://mli.cgu.edu/category/united-states/page/69/,False,True,False
https://arts.cgu.edu/tufts-poetry-awards/tag/poetry/page/8/,False,True,False
https://mli.cgu.edu/tag/california/page/10/,False,True,False
https://www.cgu.edu/news/page/79/,False,True,False
https://research.cgu.edu/cultural-property-disputes-resource/case-index/page/28/,False,True,False
https://arts.cgu.edu/tufts-poetry-awards/blog/page/4/,False,True,False
https://research.cgu.edu/lead-labs/home-2/blog/page/2/,False,True,False
https://mli.cgu.edu/tag/california/page/4/,False,True,False
https://www.cgu.edu/news/school/center-for-information-systems-and-technology/page/3/,False,True,False
https://mli.cgu.edu/category/united-states/page/78/,False,True,False
https://www.cgu.edu/news/school/drucker-school-of-management/page/17/,False,True,False
https://www.cgu.edu/news/category/cgu-news/page/46/,False,True,False
https://mormonstudies.cgu.edu/tag/claremont-graduate-university/page/3/,False,True,False
https://arts.cgu.edu/tufts-poetry-awards/category/announcements/page/2/,False,True,False
https://www.cgu.edu/news/category/alumni/page/5/,False,True,False
https://www.cgu.edu/news/category/media-mention/page/17/,False,True,False
https://www.cgu.edu/news/school/school-of-educational-studies/page/6/,False,True,False
https://mormonstudies.cgu.edu/tag/claremont-mormon-studies/page/2/,False,True,False
https://www.cgu.edu/news/page/23/,False,True,False
https://mormonstudies.cgu.edu/in-the-news/page/7/,False,True,False
https://research.cgu.edu/dbos-events-and-conferences/sample-page/distance-courses/,False,True,False
https://mormonstudies.cgu.edu/in-the-news/page/9/,False,True,False
https://www.cgu.edu/news/category/the-flame/page/2/,False,True,False
https://www.cgu.edu/news/category/the-flame/page/5/,False,True,False
https://www.cgu.edu/news/category/alumni/page/2/,False,True,False
https://mli.cgu.edu/category/united-states/page/33/,False,True,False
https://www.cgu.edu/news/tag/in-the-news/page/3/,False,True,False
https://mli.cgu.edu/category/united-states/page/111/,False,True,False
https://mli.cgu.edu/category/canada/page/6/,False,True,False
https://www.cgu.edu/news/category/faculty/page/27/,False,True,False
https://mli.cgu.edu/tag/california/page/15/,False,True,False
https://mli.cgu.edu/tag/massachusetts/page/3/,False,True,False
https://mli.cgu.edu/tag/california/page/5/,False,True,False
https://my.cgu.edu/transdisciplinary/category/events/page/2/,False,True,True
https://mli.cgu.edu/tag/new-york/page/12/,False,True,False
https://www.cgu.edu/news/school/drucker-school-of-management/page/20/,False,True,False
https://www.cgu.edu/news/page/69/,False,True,False
https://www.cgu.edu/news/category/faculty/page/28/,False,True,False
https://www.cgu.edu/news/page/53/,False,True,False
https://www.cgu.edu/news/tag/cwr/page/2/,False,True,False
https://www.cgu.edu/news/page/11/,False,True,False
https://www.cgu.edu/news/category/faculty/page/10/,False,True,False
https://www.cgu.edu/news/school/drucker-school-of-management/page/7/,False,True,False
https://www.cgu.edu/news/school/drucker-school-of-management/page/10/,False,True,False
https://mli.cgu.edu/category/united-states/page/17/,False,True,False
https://arts.cgu.edu/tufts-poetry-awards/category/readings-and-events/page/3/,False,True,True
https://my.cgu.edu/faculty-excellence/blog/page/2/,False,True,False
https://www.cgu.edu/news/category/student/page/7/,False,True,False
https://arts.cgu.edu/tufts-poetry-awards/author/schucke/page/2/,False,True,False
https://mli.cgu.edu/category/united-states/page/79/,False,True,False
https://mormonstudies.cgu.edu/category/announcements/page/4/,False,True,False
https://research.cgu.edu/dbos-events-and-conferences/sample-page/claremont-symposium-on-applied-social-psychology-3/uncertainty-extremism/,False,True,False
https://www.cgu.edu/news/page/33/,False,True,False
https://research.cgu.edu/cultural-property-disputes-resource/case-index/page/11/,False,True,False
https://www.cgu.edu/news/page/90/,False,True,False
